{
  "timestamp": "2025-09-09T15:15:11.309198",
  "sba_prequalified": {
    "count": 28,
    "median": 3.2683578594007368,
    "mean": 3.6244143441477648,
    "std": 0.9627692476367948,
    "min": 2.524953123696356,
    "max": 6.0,
    "q25": 2.9874988517200007,
    "q75": 4.108418525776309
  },
  "non_sba": {
    "count": 46,
    "median": 2.516796438481382,
    "mean": 2.589375391135974,
    "std": 0.9574807438651255,
    "min": 0.8375770570892522,
    "max": 5.984,
    "q25": 1.9906633178768134,
    "q75": 3.0334667206041566
  },
  "unknown": {
    "count": 11,
    "median": 2.498257584678202,
    "mean": 2.8481751872350434,
    "std": 1.7747991642879688,
    "min": 1.0,
    "max": 8.155569111923768,
    "q25": 2.1121298911607482,
    "q75": 2.761021251282628
  },
  "comparison": {
    "median_difference": 0.7515614209193546,
    "median_difference_percent": 29.86182789470418,
    "sba_premium": true
  }
}