{
  "timestamp": "2025-09-09T14:50:06.901076",
  "data_source": "CIM Analysis Results",
  "sba_eligible": {
    "count": 58,
    "median": 3.2377390378462234,
    "mean": 3.3791154356062996,
    "std": 0.8570028393971085,
    "min": 1.6823739213689017,
    "max": 6.294897041713135,
    "q25": 2.9084318046926585,
    "q75": 3.8424550095432273
  },
  "non_sba": {
    "count": 147,
    "median": 2.502199736031676,
    "mean": 2.5936459573920483,
    "std": 0.9703193511490342,
    "min": 0.5017755133549483,
    "max": 7.88500508582828,
    "q25": 1.9897648936276853,
    "q75": 3.1974311463569665
  },
  "comparison": {
    "median_difference": 0.7355393018145473,
    "median_difference_percent": 29.395706954276324,
    "sba_premium": true
  }
}